BRAND,CODE,DATE OF EXPIRY,EFFECT































































































































































































































































SEPHORA,DPI-RX5RFRK9CW,1735686000.0,20% off































































































































































































































































































MISTER SPEX,MC-T2U3YL1HQ,1703977200.0,17%































OUTFITTERY,DMWHMV58,1767135600.0,30% ab 150€

















